자치구,동,지하철 주변 버스정류장 수,자치구 내 지하철역
종로구,사직동,8,"종각, 경복궁, 혜화, 안국, 종로3가, 동대문, 광화문, 종로5가, 동묘앞, 창신"
종로구,삼청동,0,"종각, 경복궁, 혜화, 안국, 종로3가, 동대문, 광화문, 종로6가, 동묘앞, 창신"
종로구,부암동,0,"종각, 경복궁, 혜화, 안국, 종로3가, 동대문, 광화문, 종로7가, 동묘앞, 창신"
종로구,평창동,0,"종각, 경복궁, 혜화, 안국, 종로3가, 동대문, 광화문, 종로8가, 동묘앞, 창신"
종로구,무악동,3,"종각, 경복궁, 혜화, 안국, 종로3가, 동대문, 광화문, 종로9가, 동묘앞, 창신"
종로구,교남동,1,"종각, 경복궁, 혜화, 안국, 종로3가, 동대문, 광화문, 종로10가, 동묘앞, 창신"
종로구,가회동,0,"종각, 경복궁, 혜화, 안국, 종로3가, 동대문, 광화문, 종로11가, 동묘앞, 창신"
종로구,종로1.2.3.4가동,9,"종각, 경복궁, 혜화, 안국, 종로3가, 동대문, 광화문, 종로12가, 동묘앞, 창신"
종로구,종로5·6가동,0,"종각, 경복궁, 혜화, 안국, 종로3가, 동대문, 광화문, 종로13가, 동묘앞, 창신"
종로구,이화동,1,"종각, 경복궁, 혜화, 안국, 종로3가, 동대문, 광화문, 종로14가, 동묘앞, 창신"
종로구,창신1동,3,"종각, 경복궁, 혜화, 안국, 종로3가, 동대문, 광화문, 종로15가, 동묘앞, 창신"
종로구,창신2동,0,"종각, 경복궁, 혜화, 안국, 종로3가, 동대문, 광화문, 종로16가, 동묘앞, 창신"
종로구,창신3동,1,"종각, 경복궁, 혜화, 안국, 종로3가, 동대문, 광화문, 종로17가, 동묘앞, 창신"
종로구,숭인1동,3,"종각, 경복궁, 혜화, 안국, 종로3가, 동대문, 광화문, 종로18가, 동묘앞, 창신"
종로구,숭인2동,0,"종각, 경복궁, 혜화, 안국, 종로3가, 동대문, 광화문, 종로19가, 동묘앞, 창신"
종로구,청운효자동,0,"종각, 경복궁, 혜화, 안국, 종로3가, 동대문, 광화문, 종로20가, 동묘앞, 창신"
종로구,혜화동,2,"종각, 경복궁, 혜화, 안국, 종로3가, 동대문, 광화문, 종로21가, 동묘앞, 창신"
중구,소공동,3,"시청, 서울, 명동, 충무로, 을지로3가, 을지로입구, 동대문역사문화공원, 회현, 동대입구, 신당, 약수, 을지로4가, 청구, 버티고개"
중구,회현동,1,"시청, 서울, 명동, 충무로, 을지로3가, 을지로입구, 동대문역사문화공원, 회현, 동대입구, 신당, 약수, 을지로5가, 청구, 버티고개"
중구,명동,0,"시청, 서울, 명동, 충무로, 을지로3가, 을지로입구, 동대문역사문화공원, 회현, 동대입구, 신당, 약수, 을지로6가, 청구, 버티고개"
중구,필동,0,"시청, 서울, 명동, 충무로, 을지로3가, 을지로입구, 동대문역사문화공원, 회현, 동대입구, 신당, 약수, 을지로7가, 청구, 버티고개"
중구,장충동,0,"시청, 서울, 명동, 충무로, 을지로3가, 을지로입구, 동대문역사문화공원, 회현, 동대입구, 신당, 약수, 을지로8가, 청구, 버티고개"
중구,광희동,2,"시청, 서울, 명동, 충무로, 을지로3가, 을지로입구, 동대문역사문화공원, 회현, 동대입구, 신당, 약수, 을지로9가, 청구, 버티고개"
중구,을지로동,2,"시청, 서울, 명동, 충무로, 을지로3가, 을지로입구, 동대문역사문화공원, 회현, 동대입구, 신당, 약수, 을지로10가, 청구, 버티고개"
중구,신당5동,0,"시청, 서울, 명동, 충무로, 을지로3가, 을지로입구, 동대문역사문화공원, 회현, 동대입구, 신당, 약수, 을지로11가, 청구, 버티고개"
중구,황학동,2,"시청, 서울, 명동, 충무로, 을지로3가, 을지로입구, 동대문역사문화공원, 회현, 동대입구, 신당, 약수, 을지로12가, 청구, 버티고개"
중구,중림동,2,"시청, 서울, 명동, 충무로, 을지로3가, 을지로입구, 동대문역사문화공원, 회현, 동대입구, 신당, 약수, 을지로13가, 청구, 버티고개"
중구,신당동,6,"시청, 서울, 명동, 충무로, 을지로3가, 을지로입구, 동대문역사문화공원, 회현, 동대입구, 신당, 약수, 을지로14가, 청구, 버티고개"
중구,다산동,0,"시청, 서울, 명동, 충무로, 을지로3가, 을지로입구, 동대문역사문화공원, 회현, 동대입구, 신당, 약수, 을지로15가, 청구, 버티고개"
중구,약수동,0,"시청, 서울, 명동, 충무로, 을지로3가, 을지로입구, 동대문역사문화공원, 회현, 동대입구, 신당, 약수, 을지로16가, 청구, 버티고개"
중구,청구동,0,"시청, 서울, 명동, 충무로, 을지로3가, 을지로입구, 동대문역사문화공원, 회현, 동대입구, 신당, 약수, 을지로17가, 청구, 버티고개"
중구,동화동,0,"시청, 서울, 명동, 충무로, 을지로3가, 을지로입구, 동대문역사문화공원, 회현, 동대입구, 신당, 약수, 을지로18가, 청구, 버티고개"
용산구,후암동,0,"용산, 서울, 이태원, 숙대입구, 삼각지, 남영, 녹사평, 신용산, 한강진, 이촌, 효창공원, 한남, 서빙고"
용산구,용산2가동,0,"용산, 서울, 이태원, 숙대입구, 삼각지, 남영, 녹사평, 신용산, 한강진, 이촌, 효창공원, 한남, 서빙고"
용산구,남영동,5,"용산, 서울, 이태원, 숙대입구, 삼각지, 남영, 녹사평, 신용산, 한강진, 이촌, 효창공원, 한남, 서빙고"
용산구,원효로2동,0,"용산, 서울, 이태원, 숙대입구, 삼각지, 남영, 녹사평, 신용산, 한강진, 이촌, 효창공원, 한남, 서빙고"
용산구,효창동,2,"용산, 서울, 이태원, 숙대입구, 삼각지, 남영, 녹사평, 신용산, 한강진, 이촌, 효창공원, 한남, 서빙고"
용산구,용문동,4,"용산, 서울, 이태원, 숙대입구, 삼각지, 남영, 녹사평, 신용산, 한강진, 이촌, 효창공원, 한남, 서빙고"
용산구,이촌1동,0,"용산, 서울, 이태원, 숙대입구, 삼각지, 남영, 녹사평, 신용산, 한강진, 이촌, 효창공원, 한남, 서빙고"
용산구,이촌2동,0,"용산, 서울, 이태원, 숙대입구, 삼각지, 남영, 녹사평, 신용산, 한강진, 이촌, 효창공원, 한남, 서빙고"
용산구,이태원1동,0,"용산, 서울, 이태원, 숙대입구, 삼각지, 남영, 녹사평, 신용산, 한강진, 이촌, 효창공원, 한남, 서빙고"
용산구,이태원2동,0,"용산, 서울, 이태원, 숙대입구, 삼각지, 남영, 녹사평, 신용산, 한강진, 이촌, 효창공원, 한남, 서빙고"
용산구,서빙고동,0,"용산, 서울, 이태원, 숙대입구, 삼각지, 남영, 녹사평, 신용산, 한강진, 이촌, 효창공원, 한남, 서빙고"
용산구,보광동,0,"용산, 서울, 이태원, 숙대입구, 삼각지, 남영, 녹사평, 신용산, 한강진, 이촌, 효창공원, 한남, 서빙고"
용산구,청파동,4,"용산, 서울, 이태원, 숙대입구, 삼각지, 남영, 녹사평, 신용산, 한강진, 이촌, 효창공원, 한남, 서빙고"
용산구,원효로1동,0,"용산, 서울, 이태원, 숙대입구, 삼각지, 남영, 녹사평, 신용산, 한강진, 이촌, 효창공원, 한남, 서빙고"
용산구,한강로동,9,"용산, 서울, 이태원, 숙대입구, 삼각지, 남영, 녹사평, 신용산, 한강진, 이촌, 효창공원, 한남, 서빙고"
용산구,한남동,5,"용산, 서울, 이태원, 숙대입구, 삼각지, 남영, 녹사평, 신용산, 한강진, 이촌, 효창공원, 한남, 서빙고"
성동구,왕십리2동,0,"성수, 왕십리, 옥수, 뚝섬, 답십리, 금호, 서울숲, 응봉, 행당, 상왕십리, 한양대, 신답, 신금호, 마장"
성동구,마장동,8,"성수, 왕십리, 옥수, 뚝섬, 답십리, 금호, 서울숲, 응봉, 행당, 상왕십리, 한양대, 신답, 신금호, 마장"
성동구,사근동,3,"성수, 왕십리, 옥수, 뚝섬, 답십리, 금호, 서울숲, 응봉, 행당, 상왕십리, 한양대, 신답, 신금호, 마장"
성동구,행당1동,2,"성수, 왕십리, 옥수, 뚝섬, 답십리, 금호, 서울숲, 응봉, 행당, 상왕십리, 한양대, 신답, 신금호, 마장"
성동구,행당2동,2,"성수, 왕십리, 옥수, 뚝섬, 답십리, 금호, 서울숲, 응봉, 행당, 상왕십리, 한양대, 신답, 신금호, 마장"
성동구,응봉동,0,"성수, 왕십리, 옥수, 뚝섬, 답십리, 금호, 서울숲, 응봉, 행당, 상왕십리, 한양대, 신답, 신금호, 마장"
성동구,금호1가동,1,"성수, 왕십리, 옥수, 뚝섬, 답십리, 금호, 서울숲, 응봉, 행당, 상왕십리, 한양대, 신답, 신금호, 마장"
성동구,금호4가동,0,"성수, 왕십리, 옥수, 뚝섬, 답십리, 금호, 서울숲, 응봉, 행당, 상왕십리, 한양대, 신답, 신금호, 마장"
성동구,성수1가1동,6,"성수, 왕십리, 옥수, 뚝섬, 답십리, 금호, 서울숲, 응봉, 행당, 상왕십리, 한양대, 신답, 신금호, 마장"
성동구,성수1가2동,5,"성수, 왕십리, 옥수, 뚝섬, 답십리, 금호, 서울숲, 응봉, 행당, 상왕십리, 한양대, 신답, 신금호, 마장"
성동구,성수2가1동,2,"성수, 왕십리, 옥수, 뚝섬, 답십리, 금호, 서울숲, 응봉, 행당, 상왕십리, 한양대, 신답, 신금호, 마장"
성동구,성수2가3동,0,"성수, 왕십리, 옥수, 뚝섬, 답십리, 금호, 서울숲, 응봉, 행당, 상왕십리, 한양대, 신답, 신금호, 마장"
성동구,송정동,0,"성수, 왕십리, 옥수, 뚝섬, 답십리, 금호, 서울숲, 응봉, 행당, 상왕십리, 한양대, 신답, 신금호, 마장"
성동구,용답동,2,"성수, 왕십리, 옥수, 뚝섬, 답십리, 금호, 서울숲, 응봉, 행당, 상왕십리, 한양대, 신답, 신금호, 마장"
성동구,왕십리도선동,2,"성수, 왕십리, 옥수, 뚝섬, 답십리, 금호, 서울숲, 응봉, 행당, 상왕십리, 한양대, 신답, 신금호, 마장"
성동구,금호2.3가동,1,"성수, 왕십리, 옥수, 뚝섬, 답십리, 금호, 서울숲, 응봉, 행당, 상왕십리, 한양대, 신답, 신금호, 마장"
성동구,옥수동,1,"성수, 왕십리, 옥수, 뚝섬, 답십리, 금호, 서울숲, 응봉, 행당, 상왕십리, 한양대, 신답, 신금호, 마장"
광진구,화양동,7,"구의, 건대입구, 아차산, 강변, 군자, 뚝섬유원지, 광나루, 어린이대공원, 중곡"
광진구,군자동,2,"구의, 건대입구, 아차산, 강변, 군자, 뚝섬유원지, 광나루, 어린이대공원, 중곡"
광진구,중곡1동,0,"구의, 건대입구, 아차산, 강변, 군자, 뚝섬유원지, 광나루, 어린이대공원, 중곡"
광진구,중곡2동,0,"구의, 건대입구, 아차산, 강변, 군자, 뚝섬유원지, 광나루, 어린이대공원, 중곡"
광진구,중곡3동,0,"구의, 건대입구, 아차산, 강변, 군자, 뚝섬유원지, 광나루, 어린이대공원, 중곡"
광진구,중곡4동,0,"구의, 건대입구, 아차산, 강변, 군자, 뚝섬유원지, 광나루, 어린이대공원, 중곡"
광진구,능동,3,"구의, 건대입구, 아차산, 강변, 군자, 뚝섬유원지, 광나루, 어린이대공원, 중곡"
광진구,구의1동,0,"구의, 건대입구, 아차산, 강변, 군자, 뚝섬유원지, 광나루, 어린이대공원, 중곡"
광진구,구의2동,0,"구의, 건대입구, 아차산, 강변, 군자, 뚝섬유원지, 광나루, 어린이대공원, 중곡"
광진구,구의3동,0,"구의, 건대입구, 아차산, 강변, 군자, 뚝섬유원지, 광나루, 어린이대공원, 중곡"
광진구,광장동,3,"구의, 건대입구, 아차산, 강변, 군자, 뚝섬유원지, 광나루, 어린이대공원, 중곡"
광진구,자양1동,0,"구의, 건대입구, 아차산, 강변, 군자, 뚝섬유원지, 광나루, 어린이대공원, 중곡"
광진구,자양2동,0,"구의, 건대입구, 아차산, 강변, 군자, 뚝섬유원지, 광나루, 어린이대공원, 중곡"
광진구,자양3동,0,"구의, 건대입구, 아차산, 강변, 군자, 뚝섬유원지, 광나루, 어린이대공원, 중곡"
광진구,자양4동,1,"구의, 건대입구, 아차산, 강변, 군자, 뚝섬유원지, 광나루, 어린이대공원, 중곡"
동대문구,회기동,0,"장한평, 신설동, 청량리, 회기, 제기동, 외대앞, 신이문, 용두, 고려대, 답십리"
동대문구,휘경1동,0,"장한평, 신설동, 청량리, 회기, 제기동, 외대앞, 신이문, 용두, 고려대, 답십리"
동대문구,휘경2동,0,"장한평, 신설동, 청량리, 회기, 제기동, 외대앞, 신이문, 용두, 고려대, 답십리"
동대문구,청량리동,1,"장한평, 신설동, 청량리, 회기, 제기동, 외대앞, 신이문, 용두, 고려대, 답십리"
동대문구,용신동,1,"장한평, 신설동, 청량리, 회기, 제기동, 외대앞, 신이문, 용두, 고려대, 답십리"
동대문구,제기동,4,"장한평, 신설동, 청량리, 회기, 제기동, 외대앞, 신이문, 용두, 고려대, 답십리"
동대문구,전농1동,0,"장한평, 신설동, 청량리, 회기, 제기동, 외대앞, 신이문, 용두, 고려대, 답십리"
동대문구,전농2동,0,"장한평, 신설동, 청량리, 회기, 제기동, 외대앞, 신이문, 용두, 고려대, 답십리"
동대문구,답십리1동,3,"장한평, 신설동, 청량리, 회기, 제기동, 외대앞, 신이문, 용두, 고려대, 답십리"
동대문구,답십리2동,0,"장한평, 신설동, 청량리, 회기, 제기동, 외대앞, 신이문, 용두, 고려대, 답십리"
동대문구,장안1동,0,"장한평, 신설동, 청량리, 회기, 제기동, 외대앞, 신이문, 용두, 고려대, 답십리"
동대문구,장안2동,0,"장한평, 신설동, 청량리, 회기, 제기동, 외대앞, 신이문, 용두, 고려대, 답십리"
동대문구,이문1동,2,"장한평, 신설동, 청량리, 회기, 제기동, 외대앞, 신이문, 용두, 고려대, 답십리"
동대문구,이문2동,0,"장한평, 신설동, 청량리, 회기, 제기동, 외대앞, 신이문, 용두, 고려대, 답십리"
중랑구,면목2동,0,"중랑, 사가정, 상봉, 양원, 중화, 면목, 용마산, 먹골, 봉화산, 망우, 신내, 화랑대"
중랑구,면목4동,3,"중랑, 사가정, 상봉, 양원, 중화, 면목, 용마산, 먹골, 봉화산, 망우, 신내, 화랑대"
중랑구,면목5동,0,"중랑, 사가정, 상봉, 양원, 중화, 면목, 용마산, 먹골, 봉화산, 망우, 신내, 화랑대"
중랑구,면목7동,2,"중랑, 사가정, 상봉, 양원, 중화, 면목, 용마산, 먹골, 봉화산, 망우, 신내, 화랑대"
중랑구,상봉1동,1,"중랑, 사가정, 상봉, 양원, 중화, 면목, 용마산, 먹골, 봉화산, 망우, 신내, 화랑대"
중랑구,상봉2동,2,"중랑, 사가정, 상봉, 양원, 중화, 면목, 용마산, 먹골, 봉화산, 망우, 신내, 화랑대"
중랑구,중화1동,2,"중랑, 사가정, 상봉, 양원, 중화, 면목, 용마산, 먹골, 봉화산, 망우, 신내, 화랑대"
중랑구,중화2동,2,"중랑, 사가정, 상봉, 양원, 중화, 면목, 용마산, 먹골, 봉화산, 망우, 신내, 화랑대"
중랑구,묵1동,3,"중랑, 사가정, 상봉, 양원, 중화, 면목, 용마산, 먹골, 봉화산, 망우, 신내, 화랑대"
중랑구,묵2동,2,"중랑, 사가정, 상봉, 양원, 중화, 면목, 용마산, 먹골, 봉화산, 망우, 신내, 화랑대"
중랑구,망우3동,0,"중랑, 사가정, 상봉, 양원, 중화, 면목, 용마산, 먹골, 봉화산, 망우, 신내, 화랑대"
중랑구,신내1동,0,"중랑, 사가정, 상봉, 양원, 중화, 면목, 용마산, 먹골, 봉화산, 망우, 신내, 화랑대"
중랑구,신내2동,3,"중랑, 사가정, 상봉, 양원, 중화, 면목, 용마산, 먹골, 봉화산, 망우, 신내, 화랑대"
중랑구,면목본동,3,"중랑, 사가정, 상봉, 양원, 중화, 면목, 용마산, 먹골, 봉화산, 망우, 신내, 화랑대"
중랑구,면목3.8동,1,"중랑, 사가정, 상봉, 양원, 중화, 면목, 용마산, 먹골, 봉화산, 망우, 신내, 화랑대"
중랑구,망우본동,4,"중랑, 사가정, 상봉, 양원, 중화, 면목, 용마산, 먹골, 봉화산, 망우, 신내, 화랑대"
성북구,돈암1동,2,"성신여대입구, 한성대입구, 길음, 고려대, 돌곶이, 안암, 월곡, 보문, 북한산보국문, 상월곡, 정릉, 석계"
성북구,돈암2동,0,"성신여대입구, 한성대입구, 길음, 고려대, 돌곶이, 안암, 월곡, 보문, 북한산보국문, 상월곡, 정릉, 석계"
성북구,안암동,0,"성신여대입구, 한성대입구, 길음, 고려대, 돌곶이, 안암, 월곡, 보문, 북한산보국문, 상월곡, 정릉, 석계"
성북구,보문동,2,"성신여대입구, 한성대입구, 길음, 고려대, 돌곶이, 안암, 월곡, 보문, 북한산보국문, 상월곡, 정릉, 석계"
성북구,정릉1동,0,"성신여대입구, 한성대입구, 길음, 고려대, 돌곶이, 안암, 월곡, 보문, 북한산보국문, 상월곡, 정릉, 석계"
성북구,정릉2동,0,"성신여대입구, 한성대입구, 길음, 고려대, 돌곶이, 안암, 월곡, 보문, 북한산보국문, 상월곡, 정릉, 석계"
성북구,정릉3동,0,"성신여대입구, 한성대입구, 길음, 고려대, 돌곶이, 안암, 월곡, 보문, 북한산보국문, 상월곡, 정릉, 석계"
성북구,정릉4동,0,"성신여대입구, 한성대입구, 길음, 고려대, 돌곶이, 안암, 월곡, 보문, 북한산보국문, 상월곡, 정릉, 석계"
성북구,길음1동,3,"성신여대입구, 한성대입구, 길음, 고려대, 돌곶이, 안암, 월곡, 보문, 북한산보국문, 상월곡, 정릉, 석계"
성북구,길음2동,3,"성신여대입구, 한성대입구, 길음, 고려대, 돌곶이, 안암, 월곡, 보문, 북한산보국문, 상월곡, 정릉, 석계"
성북구,월곡1동,0,"성신여대입구, 한성대입구, 길음, 고려대, 돌곶이, 안암, 월곡, 보문, 북한산보국문, 상월곡, 정릉, 석계"
성북구,월곡2동,2,"성신여대입구, 한성대입구, 길음, 고려대, 돌곶이, 안암, 월곡, 보문, 북한산보국문, 상월곡, 정릉, 석계"
성북구,장위1동,0,"성신여대입구, 한성대입구, 길음, 고려대, 돌곶이, 안암, 월곡, 보문, 북한산보국문, 상월곡, 정릉, 석계"
성북구,장위2동,1,"성신여대입구, 한성대입구, 길음, 고려대, 돌곶이, 안암, 월곡, 보문, 북한산보국문, 상월곡, 정릉, 석계"
성북구,장위3동,0,"성신여대입구, 한성대입구, 길음, 고려대, 돌곶이, 안암, 월곡, 보문, 북한산보국문, 상월곡, 정릉, 석계"
성북구,성북동,2,"성신여대입구, 한성대입구, 길음, 고려대, 돌곶이, 안암, 월곡, 보문, 북한산보국문, 상월곡, 정릉, 석계"
성북구,삼선동,0,"성신여대입구, 한성대입구, 길음, 고려대, 돌곶이, 안암, 월곡, 보문, 북한산보국문, 상월곡, 정릉, 석계"
성북구,동선동,2,"성신여대입구, 한성대입구, 길음, 고려대, 돌곶이, 안암, 월곡, 보문, 북한산보국문, 상월곡, 정릉, 석계"
성북구,종암동,0,"성신여대입구, 한성대입구, 길음, 고려대, 돌곶이, 안암, 월곡, 보문, 북한산보국문, 상월곡, 정릉, 석계"
성북구,석관동,7,"성신여대입구, 한성대입구, 길음, 고려대, 돌곶이, 안암, 월곡, 보문, 북한산보국문, 상월곡, 정릉, 석계"
강북구,번1동,0,"수유, 미아사거리, 북한산우이, 미아, 4.19민주묘지, 가오리, 솔밭공원, 삼양사거리, 삼양, 솔샘, 화계"
강북구,번2동,0,"수유, 미아사거리, 북한산우이, 미아, 4.20민주묘지, 가오리, 솔밭공원, 삼양사거리, 삼양, 솔샘, 화계"
강북구,번3동,0,"수유, 미아사거리, 북한산우이, 미아, 4.21민주묘지, 가오리, 솔밭공원, 삼양사거리, 삼양, 솔샘, 화계"
강북구,수유1동,0,"수유, 미아사거리, 북한산우이, 미아, 4.22민주묘지, 가오리, 솔밭공원, 삼양사거리, 삼양, 솔샘, 화계"
강북구,수유2동,1,"수유, 미아사거리, 북한산우이, 미아, 4.23민주묘지, 가오리, 솔밭공원, 삼양사거리, 삼양, 솔샘, 화계"
강북구,수유3동,0,"수유, 미아사거리, 북한산우이, 미아, 4.24민주묘지, 가오리, 솔밭공원, 삼양사거리, 삼양, 솔샘, 화계"
강북구,삼양동,2,"수유, 미아사거리, 북한산우이, 미아, 4.25민주묘지, 가오리, 솔밭공원, 삼양사거리, 삼양, 솔샘, 화계"
강북구,미아동,7,"수유, 미아사거리, 북한산우이, 미아, 4.26민주묘지, 가오리, 솔밭공원, 삼양사거리, 삼양, 솔샘, 화계"
강북구,송중동,2,"수유, 미아사거리, 북한산우이, 미아, 4.27민주묘지, 가오리, 솔밭공원, 삼양사거리, 삼양, 솔샘, 화계"
강북구,송천동,1,"수유, 미아사거리, 북한산우이, 미아, 4.28민주묘지, 가오리, 솔밭공원, 삼양사거리, 삼양, 솔샘, 화계"
강북구,삼각산동,0,"수유, 미아사거리, 북한산우이, 미아, 4.29민주묘지, 가오리, 솔밭공원, 삼양사거리, 삼양, 솔샘, 화계"
강북구,우이동,1,"수유, 미아사거리, 북한산우이, 미아, 4.30민주묘지, 가오리, 솔밭공원, 삼양사거리, 삼양, 솔샘, 화계"
강북구,인수동,0,"수유, 미아사거리, 북한산우이, 미아, 4.31민주묘지, 가오리, 솔밭공원, 삼양사거리, 삼양, 솔샘, 화계"
도봉구,쌍문1동,0,"창동, 쌍문, 도봉산, 방학, 녹천, 솔밭공원"
도봉구,쌍문2동,0,"창동, 쌍문, 도봉산, 방학, 녹천, 솔밭공원"
도봉구,쌍문3동,0,"창동, 쌍문, 도봉산, 방학, 녹천, 솔밭공원"
도봉구,쌍문4동,0,"창동, 쌍문, 도봉산, 방학, 녹천, 솔밭공원"
도봉구,방학1동,2,"창동, 쌍문, 도봉산, 방학, 녹천, 솔밭공원"
도봉구,방학2동,0,"창동, 쌍문, 도봉산, 방학, 녹천, 솔밭공원"
도봉구,방학3동,0,"창동, 쌍문, 도봉산, 방학, 녹천, 솔밭공원"
도봉구,창1동,1,"창동, 쌍문, 도봉산, 방학, 녹천, 솔밭공원"
도봉구,창2동,0,"창동, 쌍문, 도봉산, 방학, 녹천, 솔밭공원"
도봉구,창3동,0,"창동, 쌍문, 도봉산, 방학, 녹천, 솔밭공원"
도봉구,창4동,4,"창동, 쌍문, 도봉산, 방학, 녹천, 솔밭공원"
도봉구,창5동,0,"창동, 쌍문, 도봉산, 방학, 녹천, 솔밭공원"
도봉구,도봉1동,0,"창동, 쌍문, 도봉산, 방학, 녹천, 솔밭공원"
도봉구,도봉2동,5,"창동, 쌍문, 도봉산, 방학, 녹천, 솔밭공원"
노원구,월계1동,4,"노원, 석계, 수락산, 당고개, 상계, 광운대, 태릉입구, 화랑대, 공릉, 태릉입구, 중계, 하계, 마들"
노원구,월계2동,0,"노원, 석계, 수락산, 당고개, 상계, 광운대, 태릉입구, 화랑대, 공릉, 태릉입구, 중계, 하계, 마들"
노원구,월계3동,1,"노원, 석계, 수락산, 당고개, 상계, 광운대, 태릉입구, 화랑대, 공릉, 태릉입구, 중계, 하계, 마들"
노원구,공릉2동,2,"노원, 석계, 수락산, 당고개, 상계, 광운대, 태릉입구, 화랑대, 공릉, 태릉입구, 중계, 하계, 마들"
노원구,하계1동,0,"노원, 석계, 수락산, 당고개, 상계, 광운대, 태릉입구, 화랑대, 공릉, 태릉입구, 중계, 하계, 마들"
노원구,하계2동,0,"노원, 석계, 수락산, 당고개, 상계, 광운대, 태릉입구, 화랑대, 공릉, 태릉입구, 중계, 하계, 마들"
노원구,중계본동,0,"노원, 석계, 수락산, 당고개, 상계, 광운대, 태릉입구, 화랑대, 공릉, 태릉입구, 중계, 하계, 마들"
노원구,중계1동,0,"노원, 석계, 수락산, 당고개, 상계, 광운대, 태릉입구, 화랑대, 공릉, 태릉입구, 중계, 하계, 마들"
노원구,중계4동,0,"노원, 석계, 수락산, 당고개, 상계, 광운대, 태릉입구, 화랑대, 공릉, 태릉입구, 중계, 하계, 마들"
노원구,상계1동,2,"노원, 석계, 수락산, 당고개, 상계, 광운대, 태릉입구, 화랑대, 공릉, 태릉입구, 중계, 하계, 마들"
노원구,상계2동,2,"노원, 석계, 수락산, 당고개, 상계, 광운대, 태릉입구, 화랑대, 공릉, 태릉입구, 중계, 하계, 마들"
노원구,상계5동,0,"노원, 석계, 수락산, 당고개, 상계, 광운대, 태릉입구, 화랑대, 공릉, 태릉입구, 중계, 하계, 마들"
노원구,상계8동,0,"노원, 석계, 수락산, 당고개, 상계, 광운대, 태릉입구, 화랑대, 공릉, 태릉입구, 중계, 하계, 마들"
노원구,상계9동,1,"노원, 석계, 수락산, 당고개, 상계, 광운대, 태릉입구, 화랑대, 공릉, 태릉입구, 중계, 하계, 마들"
노원구,상계10동,0,"노원, 석계, 수락산, 당고개, 상계, 광운대, 태릉입구, 화랑대, 공릉, 태릉입구, 중계, 하계, 마들"
노원구,상계3.4동,2,"노원, 석계, 수락산, 당고개, 상계, 광운대, 태릉입구, 화랑대, 공릉, 태릉입구, 중계, 하계, 마들"
노원구,상계6.7동,0,"노원, 석계, 수락산, 당고개, 상계, 광운대, 태릉입구, 화랑대, 공릉, 태릉입구, 중계, 하계, 마들"
노원구,중계2.3동,0,"노원, 석계, 수락산, 당고개, 상계, 광운대, 태릉입구, 화랑대, 공릉, 태릉입구, 중계, 하계, 마들"
노원구,공릉1동,7,"노원, 석계, 수락산, 당고개, 상계, 광운대, 태릉입구, 화랑대, 공릉, 태릉입구, 중계, 하계, 마들"
은평구,녹번동,8,"디지털미디어시티, 구파발, 응암, 연신내, 불광, 녹번, 독바위, 증산, 구산, 역촌, 새절, 수색"
은평구,불광1동,6,"디지털미디어시티, 구파발, 응암, 연신내, 불광, 녹번, 독바위, 증산, 구산, 역촌, 새절, 수색"
은평구,갈현1동,0,"디지털미디어시티, 구파발, 응암, 연신내, 불광, 녹번, 독바위, 증산, 구산, 역촌, 새절, 수색"
은평구,갈현2동,1,"디지털미디어시티, 구파발, 응암, 연신내, 불광, 녹번, 독바위, 증산, 구산, 역촌, 새절, 수색"
은평구,구산동,2,"디지털미디어시티, 구파발, 응암, 연신내, 불광, 녹번, 독바위, 증산, 구산, 역촌, 새절, 수색"
은평구,대조동,8,"디지털미디어시티, 구파발, 응암, 연신내, 불광, 녹번, 독바위, 증산, 구산, 역촌, 새절, 수색"
은평구,응암1동,0,"디지털미디어시티, 구파발, 응암, 연신내, 불광, 녹번, 독바위, 증산, 구산, 역촌, 새절, 수색"
은평구,응암2동,0,"디지털미디어시티, 구파발, 응암, 연신내, 불광, 녹번, 독바위, 증산, 구산, 역촌, 새절, 수색"
은평구,신사1동,2,"디지털미디어시티, 구파발, 응암, 연신내, 불광, 녹번, 독바위, 증산, 구산, 역촌, 새절, 수색"
은평구,신사2동,2,"디지털미디어시티, 구파발, 응암, 연신내, 불광, 녹번, 독바위, 증산, 구산, 역촌, 새절, 수색"
은평구,증산동,2,"디지털미디어시티, 구파발, 응암, 연신내, 불광, 녹번, 독바위, 증산, 구산, 역촌, 새절, 수색"
은평구,수색동,4,"디지털미디어시티, 구파발, 응암, 연신내, 불광, 녹번, 독바위, 증산, 구산, 역촌, 새절, 수색"
은평구,진관동,5,"디지털미디어시티, 구파발, 응암, 연신내, 불광, 녹번, 독바위, 증산, 구산, 역촌, 새절, 수색"
은평구,불광2동,2,"디지털미디어시티, 구파발, 응암, 연신내, 불광, 녹번, 독바위, 증산, 구산, 역촌, 새절, 수색"
은평구,응암3동,1,"디지털미디어시티, 구파발, 응암, 연신내, 불광, 녹번, 독바위, 증산, 구산, 역촌, 새절, 수색"
은평구,역촌동,5,"디지털미디어시티, 구파발, 응암, 연신내, 불광, 녹번, 독바위, 증산, 구산, 역촌, 새절, 수색"
서대문구,천연동,0,"충정로, 서대문, 홍제, 독립문, 신촌, 무악재, 이대, 아현"
서대문구,홍제1동,4,"충정로, 서대문, 홍제, 독립문, 신촌, 무악재, 이대, 아현"
서대문구,홍제3동,1,"충정로, 서대문, 홍제, 독립문, 신촌, 무악재, 이대, 아현"
서대문구,홍제2동,1,"충정로, 서대문, 홍제, 독립문, 신촌, 무악재, 이대, 아현"
서대문구,홍은1동,0,"충정로, 서대문, 홍제, 독립문, 신촌, 무악재, 이대, 아현"
서대문구,홍은2동,0,"충정로, 서대문, 홍제, 독립문, 신촌, 무악재, 이대, 아현"
서대문구,남가좌1동,3,"충정로, 서대문, 홍제, 독립문, 신촌, 무악재, 이대, 아현"
서대문구,남가좌2동,0,"충정로, 서대문, 홍제, 독립문, 신촌, 무악재, 이대, 아현"
서대문구,북가좌1동,0,"충정로, 서대문, 홍제, 독립문, 신촌, 무악재, 이대, 아현"
서대문구,북가좌2동,1,"충정로, 서대문, 홍제, 독립문, 신촌, 무악재, 이대, 아현"
서대문구,충현동,1,"충정로, 서대문, 홍제, 독립문, 신촌, 무악재, 이대, 아현"
서대문구,북아현동,1,"충정로, 서대문, 홍제, 독립문, 신촌, 무악재, 이대, 아현"
서대문구,신촌동,0,"충정로, 서대문, 홍제, 독립문, 신촌, 무악재, 이대, 아현"
서대문구,연희동,0,"충정로, 서대문, 홍제, 독립문, 신촌, 무악재, 이대, 아현"
마포구,용강동,0,"홍대입구, 신촌, 합정, 광흥창, 망원, 이대, 상수, 공덕, 애오개, 가좌, 아현, 월드컵경기장, 서강대, 디지털미디어시티, 마포구청, 대흥"
마포구,대흥동,11,"홍대입구, 신촌, 합정, 광흥창, 망원, 이대, 상수, 공덕, 애오개, 가좌, 아현, 월드컵경기장, 서강대, 디지털미디어시티, 마포구청, 대흥"
마포구,염리동,1,"홍대입구, 신촌, 합정, 광흥창, 망원, 이대, 상수, 공덕, 애오개, 가좌, 아현, 월드컵경기장, 서강대, 디지털미디어시티, 마포구청, 대흥"
마포구,신수동,1,"홍대입구, 신촌, 합정, 광흥창, 망원, 이대, 상수, 공덕, 애오개, 가좌, 아현, 월드컵경기장, 서강대, 디지털미디어시티, 마포구청, 대흥"
마포구,서교동,7,"홍대입구, 신촌, 합정, 광흥창, 망원, 이대, 상수, 공덕, 애오개, 가좌, 아현, 월드컵경기장, 서강대, 디지털미디어시티, 마포구청, 대흥"
마포구,합정동,3,"홍대입구, 신촌, 합정, 광흥창, 망원, 이대, 상수, 공덕, 애오개, 가좌, 아현, 월드컵경기장, 서강대, 디지털미디어시티, 마포구청, 대흥"
마포구,망원1동,0,"홍대입구, 신촌, 합정, 광흥창, 망원, 이대, 상수, 공덕, 애오개, 가좌, 아현, 월드컵경기장, 서강대, 디지털미디어시티, 마포구청, 대흥"
마포구,망원2동,2,"홍대입구, 신촌, 합정, 광흥창, 망원, 이대, 상수, 공덕, 애오개, 가좌, 아현, 월드컵경기장, 서강대, 디지털미디어시티, 마포구청, 대흥"
마포구,연남동,0,"홍대입구, 신촌, 합정, 광흥창, 망원, 이대, 상수, 공덕, 애오개, 가좌, 아현, 월드컵경기장, 서강대, 디지털미디어시티, 마포구청, 대흥"
마포구,성산1동,0,"홍대입구, 신촌, 합정, 광흥창, 망원, 이대, 상수, 공덕, 애오개, 가좌, 아현, 월드컵경기장, 서강대, 디지털미디어시티, 마포구청, 대흥"
마포구,성산2동,7,"홍대입구, 신촌, 합정, 광흥창, 망원, 이대, 상수, 공덕, 애오개, 가좌, 아현, 월드컵경기장, 서강대, 디지털미디어시티, 마포구청, 대흥"
마포구,상암동,9,"홍대입구, 신촌, 합정, 광흥창, 망원, 이대, 상수, 공덕, 애오개, 가좌, 아현, 월드컵경기장, 서강대, 디지털미디어시티, 마포구청, 대흥"
마포구,도화동,1,"홍대입구, 신촌, 합정, 광흥창, 망원, 이대, 상수, 공덕, 애오개, 가좌, 아현, 월드컵경기장, 서강대, 디지털미디어시티, 마포구청, 대흥"
마포구,서강동,1,"홍대입구, 신촌, 합정, 광흥창, 망원, 이대, 상수, 공덕, 애오개, 가좌, 아현, 월드컵경기장, 서강대, 디지털미디어시티, 마포구청, 대흥"
마포구,공덕동,4,"홍대입구, 신촌, 합정, 광흥창, 망원, 이대, 상수, 공덕, 애오개, 가좌, 아현, 월드컵경기장, 서강대, 디지털미디어시티, 마포구청, 대흥"
마포구,아현동,6,"홍대입구, 신촌, 합정, 광흥창, 망원, 이대, 상수, 공덕, 애오개, 가좌, 아현, 월드컵경기장, 서강대, 디지털미디어시티, 마포구청, 대흥"
양천구,목1동,4,"목동, 오목교, 신정네거리, 신정, 신목동, 양천구청, 염창, 등촌"
양천구,목2동,3,"목동, 오목교, 신정네거리, 신정, 신목동, 양천구청, 염창, 등촌"
양천구,목3동,1,"목동, 오목교, 신정네거리, 신정, 신목동, 양천구청, 염창, 등촌"
양천구,목4동,0,"목동, 오목교, 신정네거리, 신정, 신목동, 양천구청, 염창, 등촌"
양천구,신월1동,0,"목동, 오목교, 신정네거리, 신정, 신목동, 양천구청, 염창, 등촌"
양천구,신월2동,0,"목동, 오목교, 신정네거리, 신정, 신목동, 양천구청, 염창, 등촌"
양천구,신월3동,0,"목동, 오목교, 신정네거리, 신정, 신목동, 양천구청, 염창, 등촌"
양천구,신월4동,0,"목동, 오목교, 신정네거리, 신정, 신목동, 양천구청, 염창, 등촌"
양천구,신월5동,0,"목동, 오목교, 신정네거리, 신정, 신목동, 양천구청, 염창, 등촌"
양천구,신월6동,0,"목동, 오목교, 신정네거리, 신정, 신목동, 양천구청, 염창, 등촌"
양천구,신월7동,0,"목동, 오목교, 신정네거리, 신정, 신목동, 양천구청, 염창, 등촌"
양천구,신정1동,0,"목동, 오목교, 신정네거리, 신정, 신목동, 양천구청, 염창, 등촌"
양천구,신정2동,0,"목동, 오목교, 신정네거리, 신정, 신목동, 양천구청, 염창, 등촌"
양천구,신정3동,0,"목동, 오목교, 신정네거리, 신정, 신목동, 양천구청, 염창, 등촌"
양천구,신정6동,0,"목동, 오목교, 신정네거리, 신정, 신목동, 양천구청, 염창, 등촌"
양천구,신정7동,0,"목동, 오목교, 신정네거리, 신정, 신목동, 양천구청, 염창, 등촌"
양천구,목5동,3,"목동, 오목교, 신정네거리, 신정, 신목동, 양천구청, 염창, 등촌"
양천구,신정4동,0,"목동, 오목교, 신정네거리, 신정, 신목동, 양천구청, 염창, 등촌"
강서구,염창동,4,"발산, 마곡, 화곡, 등촌, 가양, 양천향교, 우장산, 까치산, 염창, 송정, 마곡나루, 개화산, 김포공항, 방화, 증미, 신방화, 공항시장"
강서구,등촌1동,2,"발산, 마곡, 화곡, 등촌, 가양, 양천향교, 우장산, 까치산, 염창, 송정, 마곡나루, 개화산, 김포공항, 방화, 증미, 신방화, 공항시장"
강서구,등촌2동,0,"발산, 마곡, 화곡, 등촌, 가양, 양천향교, 우장산, 까치산, 염창, 송정, 마곡나루, 개화산, 김포공항, 방화, 증미, 신방화, 공항시장"
강서구,등촌3동,3,"발산, 마곡, 화곡, 등촌, 가양, 양천향교, 우장산, 까치산, 염창, 송정, 마곡나루, 개화산, 김포공항, 방화, 증미, 신방화, 공항시장"
강서구,화곡본동,2,"발산, 마곡, 화곡, 등촌, 가양, 양천향교, 우장산, 까치산, 염창, 송정, 마곡나루, 개화산, 김포공항, 방화, 증미, 신방화, 공항시장"
강서구,화곡2동,0,"발산, 마곡, 화곡, 등촌, 가양, 양천향교, 우장산, 까치산, 염창, 송정, 마곡나루, 개화산, 김포공항, 방화, 증미, 신방화, 공항시장"
강서구,화곡3동,1,"발산, 마곡, 화곡, 등촌, 가양, 양천향교, 우장산, 까치산, 염창, 송정, 마곡나루, 개화산, 김포공항, 방화, 증미, 신방화, 공항시장"
강서구,화곡4동,0,"발산, 마곡, 화곡, 등촌, 가양, 양천향교, 우장산, 까치산, 염창, 송정, 마곡나루, 개화산, 김포공항, 방화, 증미, 신방화, 공항시장"
강서구,화곡6동,0,"발산, 마곡, 화곡, 등촌, 가양, 양천향교, 우장산, 까치산, 염창, 송정, 마곡나루, 개화산, 김포공항, 방화, 증미, 신방화, 공항시장"
강서구,화곡8동,2,"발산, 마곡, 화곡, 등촌, 가양, 양천향교, 우장산, 까치산, 염창, 송정, 마곡나루, 개화산, 김포공항, 방화, 증미, 신방화, 공항시장"
강서구,가양1동,6,"발산, 마곡, 화곡, 등촌, 가양, 양천향교, 우장산, 까치산, 염창, 송정, 마곡나루, 개화산, 김포공항, 방화, 증미, 신방화, 공항시장"
강서구,가양2동,3,"발산, 마곡, 화곡, 등촌, 가양, 양천향교, 우장산, 까치산, 염창, 송정, 마곡나루, 개화산, 김포공항, 방화, 증미, 신방화, 공항시장"
강서구,가양3동,1,"발산, 마곡, 화곡, 등촌, 가양, 양천향교, 우장산, 까치산, 염창, 송정, 마곡나루, 개화산, 김포공항, 방화, 증미, 신방화, 공항시장"
강서구,발산1동,4,"발산, 마곡, 화곡, 등촌, 가양, 양천향교, 우장산, 까치산, 염창, 송정, 마곡나루, 개화산, 김포공항, 방화, 증미, 신방화, 공항시장"
강서구,공항동,6,"발산, 마곡, 화곡, 등촌, 가양, 양천향교, 우장산, 까치산, 염창, 송정, 마곡나루, 개화산, 김포공항, 방화, 증미, 신방화, 공항시장"
강서구,방화1동,6,"발산, 마곡, 화곡, 등촌, 가양, 양천향교, 우장산, 까치산, 염창, 송정, 마곡나루, 개화산, 김포공항, 방화, 증미, 신방화, 공항시장"
강서구,방화2동,4,"발산, 마곡, 화곡, 등촌, 가양, 양천향교, 우장산, 까치산, 염창, 송정, 마곡나루, 개화산, 김포공항, 방화, 증미, 신방화, 공항시장"
강서구,방화3동,0,"발산, 마곡, 화곡, 등촌, 가양, 양천향교, 우장산, 까치산, 염창, 송정, 마곡나루, 개화산, 김포공항, 방화, 증미, 신방화, 공항시장"
강서구,화곡1동,4,"발산, 마곡, 화곡, 등촌, 가양, 양천향교, 우장산, 까치산, 염창, 송정, 마곡나루, 개화산, 김포공항, 방화, 증미, 신방화, 공항시장"
강서구,우장산동,5,"발산, 마곡, 화곡, 등촌, 가양, 양천향교, 우장산, 까치산, 염창, 송정, 마곡나루, 개화산, 김포공항, 방화, 증미, 신방화, 공항시장"
구로구,신도림동,5,"구로, 구로디지털단지, 신도림, 오류동, 대림, 개봉, 신도림, 온수, 구일, 천왕, 남구로, 도림천"
구로구,구로1동,2,"구로, 구로디지털단지, 신도림, 오류동, 대림, 개봉, 신도림, 온수, 구일, 천왕, 남구로, 도림천"
구로구,구로3동,5,"구로, 구로디지털단지, 신도림, 오류동, 대림, 개봉, 신도림, 온수, 구일, 천왕, 남구로, 도림천"
구로구,구로4동,5,"구로, 구로디지털단지, 신도림, 오류동, 대림, 개봉, 신도림, 온수, 구일, 천왕, 남구로, 도림천"
구로구,구로5동,3,"구로, 구로디지털단지, 신도림, 오류동, 대림, 개봉, 신도림, 온수, 구일, 천왕, 남구로, 도림천"
구로구,고척1동,1,"구로, 구로디지털단지, 신도림, 오류동, 대림, 개봉, 신도림, 온수, 구일, 천왕, 남구로, 도림천"
구로구,고척2동,0,"구로, 구로디지털단지, 신도림, 오류동, 대림, 개봉, 신도림, 온수, 구일, 천왕, 남구로, 도림천"
구로구,개봉2동,0,"구로, 구로디지털단지, 신도림, 오류동, 대림, 개봉, 신도림, 온수, 구일, 천왕, 남구로, 도림천"
구로구,개봉3동,0,"구로, 구로디지털단지, 신도림, 오류동, 대림, 개봉, 신도림, 온수, 구일, 천왕, 남구로, 도림천"
구로구,오류1동,4,"구로, 구로디지털단지, 신도림, 오류동, 대림, 개봉, 신도림, 온수, 구일, 천왕, 남구로, 도림천"
구로구,오류2동,3,"구로, 구로디지털단지, 신도림, 오류동, 대림, 개봉, 신도림, 온수, 구일, 천왕, 남구로, 도림천"
구로구,수궁동,5,"구로, 구로디지털단지, 신도림, 오류동, 대림, 개봉, 신도림, 온수, 구일, 천왕, 남구로, 도림천"
구로구,가리봉동,3,"구로, 구로디지털단지, 신도림, 오류동, 대림, 개봉, 신도림, 온수, 구일, 천왕, 남구로, 도림천"
구로구,구로2동,5,"구로, 구로디지털단지, 신도림, 오류동, 대림, 개봉, 신도림, 온수, 구일, 천왕, 남구로, 도림천"
구로구,개봉1동,4,"구로, 구로디지털단지, 신도림, 오류동, 대림, 개봉, 신도림, 온수, 구일, 천왕, 남구로, 도림천"
금천구,가산동,6,"가산디지털단지, 금천구청, 독산, 신림"
금천구,독산1동,3,"가산디지털단지, 금천구청, 독산, 신림"
금천구,독산2동,0,"가산디지털단지, 금천구청, 독산, 신림"
금천구,독산3동,0,"가산디지털단지, 금천구청, 독산, 신림"
금천구,독산4동,0,"가산디지털단지, 금천구청, 독산, 신림"
금천구,시흥1동,0,"가산디지털단지, 금천구청, 독산, 신림"
금천구,시흥2동,0,"가산디지털단지, 금천구청, 독산, 신림"
금천구,시흥3동,4,"가산디지털단지, 금천구청, 독산, 신림"
금천구,시흥4동,0,"가산디지털단지, 금천구청, 독산, 신림"
금천구,시흥5동,0,"가산디지털단지, 금천구청, 독산, 신림"
영등포구,여의동,16,"영등포, 당산, 문래, 영등포구청, 여의나루, 신길, 선유도, 대방, 국회의사당, 양평, 샛강, 영등포시장, 신풍, 대림"
영등포구,당산1동,4,"영등포, 당산, 문래, 영등포구청, 여의나루, 신길, 선유도, 대방, 국회의사당, 양평, 샛강, 영등포시장, 신풍, 대림"
영등포구,당산2동,5,"영등포, 당산, 문래, 영등포구청, 여의나루, 신길, 선유도, 대방, 국회의사당, 양평, 샛강, 영등포시장, 신풍, 대림"
영등포구,양평1동,4,"영등포, 당산, 문래, 영등포구청, 여의나루, 신길, 선유도, 대방, 국회의사당, 양평, 샛강, 영등포시장, 신풍, 대림"
영등포구,양평2동,3,"영등포, 당산, 문래, 영등포구청, 여의나루, 신길, 선유도, 대방, 국회의사당, 양평, 샛강, 영등포시장, 신풍, 대림"
영등포구,신길1동,3,"영등포, 당산, 문래, 영등포구청, 여의나루, 신길, 선유도, 대방, 국회의사당, 양평, 샛강, 영등포시장, 신풍, 대림"
영등포구,신길3동,2,"영등포, 당산, 문래, 영등포구청, 여의나루, 신길, 선유도, 대방, 국회의사당, 양평, 샛강, 영등포시장, 신풍, 대림"
영등포구,신길4동,0,"영등포, 당산, 문래, 영등포구청, 여의나루, 신길, 선유도, 대방, 국회의사당, 양평, 샛강, 영등포시장, 신풍, 대림"
영등포구,신길5동,0,"영등포, 당산, 문래, 영등포구청, 여의나루, 신길, 선유도, 대방, 국회의사당, 양평, 샛강, 영등포시장, 신풍, 대림"
영등포구,신길6동,7,"영등포, 당산, 문래, 영등포구청, 여의나루, 신길, 선유도, 대방, 국회의사당, 양평, 샛강, 영등포시장, 신풍, 대림"
영등포구,신길7동,1,"영등포, 당산, 문래, 영등포구청, 여의나루, 신길, 선유도, 대방, 국회의사당, 양평, 샛강, 영등포시장, 신풍, 대림"
영등포구,대림1동,0,"영등포, 당산, 문래, 영등포구청, 여의나루, 신길, 선유도, 대방, 국회의사당, 양평, 샛강, 영등포시장, 신풍, 대림"
영등포구,대림2동,0,"영등포, 당산, 문래, 영등포구청, 여의나루, 신길, 선유도, 대방, 국회의사당, 양평, 샛강, 영등포시장, 신풍, 대림"
영등포구,대림3동,4,"영등포, 당산, 문래, 영등포구청, 여의나루, 신길, 선유도, 대방, 국회의사당, 양평, 샛강, 영등포시장, 신풍, 대림"
영등포구,영등포본동,4,"영등포, 당산, 문래, 영등포구청, 여의나루, 신길, 선유도, 대방, 국회의사당, 양평, 샛강, 영등포시장, 신풍, 대림"
영등포구,영등포동,5,"영등포, 당산, 문래, 영등포구청, 여의나루, 신길, 선유도, 대방, 국회의사당, 양평, 샛강, 영등포시장, 신풍, 대림"
영등포구,도림동,0,"영등포, 당산, 문래, 영등포구청, 여의나루, 신길, 선유도, 대방, 국회의사당, 양평, 샛강, 영등포시장, 신풍, 대림"
영등포구,문래동,5,"영등포, 당산, 문래, 영등포구청, 여의나루, 신길, 선유도, 대방, 국회의사당, 양평, 샛강, 영등포시장, 신풍, 대림"
동작구,노량진2동,1,"사당, 노량진, 이수, 총신대입구, 상도, 노들, 장승배기, 숭실대입구, 보라매, 신대방삼거리, 흑석, 남성, 동작"
동작구,상도1동,5,"사당, 노량진, 이수, 총신대입구, 상도, 노들, 장승배기, 숭실대입구, 보라매, 신대방삼거리, 흑석, 남성, 동작"
동작구,상도2동,8,"사당, 노량진, 이수, 총신대입구, 상도, 노들, 장승배기, 숭실대입구, 보라매, 신대방삼거리, 흑석, 남성, 동작"
동작구,상도3동,2,"사당, 노량진, 이수, 총신대입구, 상도, 노들, 장승배기, 숭실대입구, 보라매, 신대방삼거리, 흑석, 남성, 동작"
동작구,상도4동,0,"사당, 노량진, 이수, 총신대입구, 상도, 노들, 장승배기, 숭실대입구, 보라매, 신대방삼거리, 흑석, 남성, 동작"
동작구,사당1동,2,"사당, 노량진, 이수, 총신대입구, 상도, 노들, 장승배기, 숭실대입구, 보라매, 신대방삼거리, 흑석, 남성, 동작"
동작구,사당3동,3,"사당, 노량진, 이수, 총신대입구, 상도, 노들, 장승배기, 숭실대입구, 보라매, 신대방삼거리, 흑석, 남성, 동작"
동작구,사당4동,3,"사당, 노량진, 이수, 총신대입구, 상도, 노들, 장승배기, 숭실대입구, 보라매, 신대방삼거리, 흑석, 남성, 동작"
동작구,사당5동,1,"사당, 노량진, 이수, 총신대입구, 상도, 노들, 장승배기, 숭실대입구, 보라매, 신대방삼거리, 흑석, 남성, 동작"
동작구,대방동,5,"사당, 노량진, 이수, 총신대입구, 상도, 노들, 장승배기, 숭실대입구, 보라매, 신대방삼거리, 흑석, 남성, 동작"
동작구,신대방1동,1,"사당, 노량진, 이수, 총신대입구, 상도, 노들, 장승배기, 숭실대입구, 보라매, 신대방삼거리, 흑석, 남성, 동작"
동작구,신대방2동,3,"사당, 노량진, 이수, 총신대입구, 상도, 노들, 장승배기, 숭실대입구, 보라매, 신대방삼거리, 흑석, 남성, 동작"
동작구,흑석동,5,"사당, 노량진, 이수, 총신대입구, 상도, 노들, 장승배기, 숭실대입구, 보라매, 신대방삼거리, 흑석, 남성, 동작"
동작구,노량진1동,7,"사당, 노량진, 이수, 총신대입구, 상도, 노들, 장승배기, 숭실대입구, 보라매, 신대방삼거리, 흑석, 남성, 동작"
동작구,사당2동,5,"사당, 노량진, 이수, 총신대입구, 상도, 노들, 장승배기, 숭실대입구, 보라매, 신대방삼거리, 흑석, 남성, 동작"
관악구,보라매동,0,"신림, 서울대입구, 신대방, 봉천, 낙성대, 사당, 봉천, 신대방"
관악구,청림동,0,"신림, 서울대입구, 신대방, 봉천, 낙성대, 사당, 봉천, 신대방"
관악구,행운동,0,"신림, 서울대입구, 신대방, 봉천, 낙성대, 사당, 봉천, 신대방"
관악구,낙성대동,2,"신림, 서울대입구, 신대방, 봉천, 낙성대, 사당, 봉천, 신대방"
관악구,중앙동,0,"신림, 서울대입구, 신대방, 봉천, 낙성대, 사당, 봉천, 신대방"
관악구,인헌동,0,"신림, 서울대입구, 신대방, 봉천, 낙성대, 사당, 봉천, 신대방"
관악구,남현동,4,"신림, 서울대입구, 신대방, 봉천, 낙성대, 사당, 봉천, 신대방"
관악구,서원동,0,"신림, 서울대입구, 신대방, 봉천, 낙성대, 사당, 봉천, 신대방"
관악구,신원동,0,"신림, 서울대입구, 신대방, 봉천, 낙성대, 사당, 봉천, 신대방"
관악구,서림동,0,"신림, 서울대입구, 신대방, 봉천, 낙성대, 사당, 봉천, 신대방"
관악구,신사동,0,"신림, 서울대입구, 신대방, 봉천, 낙성대, 사당, 봉천, 신대방"
관악구,신림동,4,"신림, 서울대입구, 신대방, 봉천, 낙성대, 사당, 봉천, 신대방"
관악구,난향동,0,"신림, 서울대입구, 신대방, 봉천, 낙성대, 사당, 봉천, 신대방"
관악구,조원동,2,"신림, 서울대입구, 신대방, 봉천, 낙성대, 사당, 봉천, 신대방"
관악구,대학동,0,"신림, 서울대입구, 신대방, 봉천, 낙성대, 사당, 봉천, 신대방"
관악구,은천동,4,"신림, 서울대입구, 신대방, 봉천, 낙성대, 사당, 봉천, 신대방"
관악구,성현동,0,"신림, 서울대입구, 신대방, 봉천, 낙성대, 사당, 봉천, 신대방"
관악구,청룡동,1,"신림, 서울대입구, 신대방, 봉천, 낙성대, 사당, 봉천, 신대방"
관악구,난곡동,0,"신림, 서울대입구, 신대방, 봉천, 낙성대, 사당, 봉천, 신대방"
관악구,삼성동,0,"신림, 서울대입구, 신대방, 봉천, 낙성대, 사당, 봉천, 신대방"
관악구,미성동,0,"신림, 서울대입구, 신대방, 봉천, 낙성대, 사당, 봉천, 신대방"
서초구,서초1동,4,"고속터미널, 서초, 남부터미널, 양재, 청계산입구, 교대, 양재시민의숲, 잠원, 방배, 내방, 강남, 반포, 신반포, 사평, 이수, 논현, 신사, 사당, 총신대입구"
서초구,서초2동,0,"고속터미널, 서초, 남부터미널, 양재, 청계산입구, 교대, 양재시민의숲, 잠원, 방배, 내방, 강남, 반포, 신반포, 사평, 이수, 논현, 신사, 사당, 총신대입구"
서초구,서초3동,4,"고속터미널, 서초, 남부터미널, 양재, 청계산입구, 교대, 양재시민의숲, 잠원, 방배, 내방, 강남, 반포, 신반포, 사평, 이수, 논현, 신사, 사당, 총신대입구"
서초구,서초4동,2,"고속터미널, 서초, 남부터미널, 양재, 청계산입구, 교대, 양재시민의숲, 잠원, 방배, 내방, 강남, 반포, 신반포, 사평, 이수, 논현, 신사, 사당, 총신대입구"
서초구,잠원동,8,"고속터미널, 서초, 남부터미널, 양재, 청계산입구, 교대, 양재시민의숲, 잠원, 방배, 내방, 강남, 반포, 신반포, 사평, 이수, 논현, 신사, 사당, 총신대입구"
서초구,반포본동,2,"고속터미널, 서초, 남부터미널, 양재, 청계산입구, 교대, 양재시민의숲, 잠원, 방배, 내방, 강남, 반포, 신반포, 사평, 이수, 논현, 신사, 사당, 총신대입구"
서초구,반포1동,0,"고속터미널, 서초, 남부터미널, 양재, 청계산입구, 교대, 양재시민의숲, 잠원, 방배, 내방, 강남, 반포, 신반포, 사평, 이수, 논현, 신사, 사당, 총신대입구"
서초구,반포2동,0,"고속터미널, 서초, 남부터미널, 양재, 청계산입구, 교대, 양재시민의숲, 잠원, 방배, 내방, 강남, 반포, 신반포, 사평, 이수, 논현, 신사, 사당, 총신대입구"
서초구,반포3동,0,"고속터미널, 서초, 남부터미널, 양재, 청계산입구, 교대, 양재시민의숲, 잠원, 방배, 내방, 강남, 반포, 신반포, 사평, 이수, 논현, 신사, 사당, 총신대입구"
서초구,반포4동,3,"고속터미널, 서초, 남부터미널, 양재, 청계산입구, 교대, 양재시민의숲, 잠원, 방배, 내방, 강남, 반포, 신반포, 사평, 이수, 논현, 신사, 사당, 총신대입구"
서초구,방배본동,0,"고속터미널, 서초, 남부터미널, 양재, 청계산입구, 교대, 양재시민의숲, 잠원, 방배, 내방, 강남, 반포, 신반포, 사평, 이수, 논현, 신사, 사당, 총신대입구"
서초구,방배1동,3,"고속터미널, 서초, 남부터미널, 양재, 청계산입구, 교대, 양재시민의숲, 잠원, 방배, 내방, 강남, 반포, 신반포, 사평, 이수, 논현, 신사, 사당, 총신대입구"
서초구,방배2동,2,"고속터미널, 서초, 남부터미널, 양재, 청계산입구, 교대, 양재시민의숲, 잠원, 방배, 내방, 강남, 반포, 신반포, 사평, 이수, 논현, 신사, 사당, 총신대입구"
서초구,방배3동,2,"고속터미널, 서초, 남부터미널, 양재, 청계산입구, 교대, 양재시민의숲, 잠원, 방배, 내방, 강남, 반포, 신반포, 사평, 이수, 논현, 신사, 사당, 총신대입구"
서초구,방배4동,2,"고속터미널, 서초, 남부터미널, 양재, 청계산입구, 교대, 양재시민의숲, 잠원, 방배, 내방, 강남, 반포, 신반포, 사평, 이수, 논현, 신사, 사당, 총신대입구"
서초구,양재1동,6,"고속터미널, 서초, 남부터미널, 양재, 청계산입구, 교대, 양재시민의숲, 잠원, 방배, 내방, 강남, 반포, 신반포, 사평, 이수, 논현, 신사, 사당, 총신대입구"
서초구,양재2동,2,"고속터미널, 서초, 남부터미널, 양재, 청계산입구, 교대, 양재시민의숲, 잠원, 방배, 내방, 강남, 반포, 신반포, 사평, 이수, 논현, 신사, 사당, 총신대입구"
서초구,내곡동,3,"고속터미널, 서초, 남부터미널, 양재, 청계산입구, 교대, 양재시민의숲, 잠원, 방배, 내방, 강남, 반포, 신반포, 사평, 이수, 논현, 신사, 사당, 총신대입구"
강남구,신사동,7,"강남, 신사, 역삼, 신논현, 수서, 삼성, 선릉, 학동, 청담, 압구정로데오, 강남구청, 압구정, 언주, 매봉, 논현, 선정릉, 삼성중앙, 봉은사, 한티, 개포동, 도곡, 학여울, 대치. 구룡, 대청, 일원, 신논현, 대모산입구"
강남구,논현1동,0,"강남, 신사, 역삼, 신논현, 수서, 삼성, 선릉, 학동, 청담, 압구정로데오, 강남구청, 압구정, 언주, 매봉, 논현, 선정릉, 삼성중앙, 봉은사, 한티, 개포동, 도곡, 학여울, 대치. 구룡, 대청, 일원, 신논현, 대모산입구"
강남구,논현2동,1,"강남, 신사, 역삼, 신논현, 수서, 삼성, 선릉, 학동, 청담, 압구정로데오, 강남구청, 압구정, 언주, 매봉, 논현, 선정릉, 삼성중앙, 봉은사, 한티, 개포동, 도곡, 학여울, 대치. 구룡, 대청, 일원, 신논현, 대모산입구"
강남구,삼성1동,2,"강남, 신사, 역삼, 신논현, 수서, 삼성, 선릉, 학동, 청담, 압구정로데오, 강남구청, 압구정, 언주, 매봉, 논현, 선정릉, 삼성중앙, 봉은사, 한티, 개포동, 도곡, 학여울, 대치. 구룡, 대청, 일원, 신논현, 대모산입구"
강남구,삼성2동,0,"강남, 신사, 역삼, 신논현, 수서, 삼성, 선릉, 학동, 청담, 압구정로데오, 강남구청, 압구정, 언주, 매봉, 논현, 선정릉, 삼성중앙, 봉은사, 한티, 개포동, 도곡, 학여울, 대치. 구룡, 대청, 일원, 신논현, 대모산입구"
강남구,대치1동,2,"강남, 신사, 역삼, 신논현, 수서, 삼성, 선릉, 학동, 청담, 압구정로데오, 강남구청, 압구정, 언주, 매봉, 논현, 선정릉, 삼성중앙, 봉은사, 한티, 개포동, 도곡, 학여울, 대치. 구룡, 대청, 일원, 신논현, 대모산입구"
강남구,대치4동,0,"강남, 신사, 역삼, 신논현, 수서, 삼성, 선릉, 학동, 청담, 압구정로데오, 강남구청, 압구정, 언주, 매봉, 논현, 선정릉, 삼성중앙, 봉은사, 한티, 개포동, 도곡, 학여울, 대치. 구룡, 대청, 일원, 신논현, 대모산입구"
강남구,역삼1동,2,"강남, 신사, 역삼, 신논현, 수서, 삼성, 선릉, 학동, 청담, 압구정로데오, 강남구청, 압구정, 언주, 매봉, 논현, 선정릉, 삼성중앙, 봉은사, 한티, 개포동, 도곡, 학여울, 대치. 구룡, 대청, 일원, 신논현, 대모산입구"
강남구,역삼2동,1,"강남, 신사, 역삼, 신논현, 수서, 삼성, 선릉, 학동, 청담, 압구정로데오, 강남구청, 압구정, 언주, 매봉, 논현, 선정릉, 삼성중앙, 봉은사, 한티, 개포동, 도곡, 학여울, 대치. 구룡, 대청, 일원, 신논현, 대모산입구"
강남구,도곡1동,0,"강남, 신사, 역삼, 신논현, 수서, 삼성, 선릉, 학동, 청담, 압구정로데오, 강남구청, 압구정, 언주, 매봉, 논현, 선정릉, 삼성중앙, 봉은사, 한티, 개포동, 도곡, 학여울, 대치. 구룡, 대청, 일원, 신논현, 대모산입구"
강남구,도곡2동,3,"강남, 신사, 역삼, 신논현, 수서, 삼성, 선릉, 학동, 청담, 압구정로데오, 강남구청, 압구정, 언주, 매봉, 논현, 선정릉, 삼성중앙, 봉은사, 한티, 개포동, 도곡, 학여울, 대치. 구룡, 대청, 일원, 신논현, 대모산입구"
강남구,개포1동,0,"강남, 신사, 역삼, 신논현, 수서, 삼성, 선릉, 학동, 청담, 압구정로데오, 강남구청, 압구정, 언주, 매봉, 논현, 선정릉, 삼성중앙, 봉은사, 한티, 개포동, 도곡, 학여울, 대치. 구룡, 대청, 일원, 신논현, 대모산입구"
강남구,개포4동,0,"강남, 신사, 역삼, 신논현, 수서, 삼성, 선릉, 학동, 청담, 압구정로데오, 강남구청, 압구정, 언주, 매봉, 논현, 선정릉, 삼성중앙, 봉은사, 한티, 개포동, 도곡, 학여울, 대치. 구룡, 대청, 일원, 신논현, 대모산입구"
강남구,일원본동,1,"강남, 신사, 역삼, 신논현, 수서, 삼성, 선릉, 학동, 청담, 압구정로데오, 강남구청, 압구정, 언주, 매봉, 논현, 선정릉, 삼성중앙, 봉은사, 한티, 개포동, 도곡, 학여울, 대치. 구룡, 대청, 일원, 신논현, 대모산입구"
강남구,일원1동,1,"강남, 신사, 역삼, 신논현, 수서, 삼성, 선릉, 학동, 청담, 압구정로데오, 강남구청, 압구정, 언주, 매봉, 논현, 선정릉, 삼성중앙, 봉은사, 한티, 개포동, 도곡, 학여울, 대치. 구룡, 대청, 일원, 신논현, 대모산입구"
강남구,일원2동,0,"강남, 신사, 역삼, 신논현, 수서, 삼성, 선릉, 학동, 청담, 압구정로데오, 강남구청, 압구정, 언주, 매봉, 논현, 선정릉, 삼성중앙, 봉은사, 한티, 개포동, 도곡, 학여울, 대치. 구룡, 대청, 일원, 신논현, 대모산입구"
강남구,수서동,9,"강남, 신사, 역삼, 신논현, 수서, 삼성, 선릉, 학동, 청담, 압구정로데오, 강남구청, 압구정, 언주, 매봉, 논현, 선정릉, 삼성중앙, 봉은사, 한티, 개포동, 도곡, 학여울, 대치. 구룡, 대청, 일원, 신논현, 대모산입구"
강남구,세곡동,0,"강남, 신사, 역삼, 신논현, 수서, 삼성, 선릉, 학동, 청담, 압구정로데오, 강남구청, 압구정, 언주, 매봉, 논현, 선정릉, 삼성중앙, 봉은사, 한티, 개포동, 도곡, 학여울, 대치. 구룡, 대청, 일원, 신논현, 대모산입구"
강남구,압구정동,3,"강남, 신사, 역삼, 신논현, 수서, 삼성, 선릉, 학동, 청담, 압구정로데오, 강남구청, 압구정, 언주, 매봉, 논현, 선정릉, 삼성중앙, 봉은사, 한티, 개포동, 도곡, 학여울, 대치. 구룡, 대청, 일원, 신논현, 대모산입구"
강남구,청담동,9,"강남, 신사, 역삼, 신논현, 수서, 삼성, 선릉, 학동, 청담, 압구정로데오, 강남구청, 압구정, 언주, 매봉, 논현, 선정릉, 삼성중앙, 봉은사, 한티, 개포동, 도곡, 학여울, 대치. 구룡, 대청, 일원, 신논현, 대모산입구"
강남구,대치2동,6,"강남, 신사, 역삼, 신논현, 수서, 삼성, 선릉, 학동, 청담, 압구정로데오, 강남구청, 압구정, 언주, 매봉, 논현, 선정릉, 삼성중앙, 봉은사, 한티, 개포동, 도곡, 학여울, 대치. 구룡, 대청, 일원, 신논현, 대모산입구"
강남구,개포2동,0,"강남, 신사, 역삼, 신논현, 수서, 삼성, 선릉, 학동, 청담, 압구정로데오, 강남구청, 압구정, 언주, 매봉, 논현, 선정릉, 삼성중앙, 봉은사, 한티, 개포동, 도곡, 학여울, 대치. 구룡, 대청, 일원, 신논현, 대모산입구"
송파구,풍납1동,2,"잠실, 잠실새내, 가락시장, 종합운동장, 석촌, 복정, 올림픽공원, 문정, 잠실나루, 몽촌토성, 장지, 송파, 종합운동장, 송파나루, 방이, 개롱, 거여, 경찰병원, 석촌고분, 오금, 한성백제"
송파구,풍납2동,0,"잠실, 잠실새내, 가락시장, 종합운동장, 석촌, 복정, 올림픽공원, 문정, 잠실나루, 몽촌토성, 장지, 송파, 종합운동장, 송파나루, 방이, 개롱, 거여, 경찰병원, 석촌고분, 오금, 한성백제"
송파구,거여1동,0,"잠실, 잠실새내, 가락시장, 종합운동장, 석촌, 복정, 올림픽공원, 문정, 잠실나루, 몽촌토성, 장지, 송파, 종합운동장, 송파나루, 방이, 개롱, 거여, 경찰병원, 석촌고분, 오금, 한성백제"
송파구,거여2동,3,"잠실, 잠실새내, 가락시장, 종합운동장, 석촌, 복정, 올림픽공원, 문정, 잠실나루, 몽촌토성, 장지, 송파, 종합운동장, 송파나루, 방이, 개롱, 거여, 경찰병원, 석촌고분, 오금, 한성백제"
송파구,마천1동,1,"잠실, 잠실새내, 가락시장, 종합운동장, 석촌, 복정, 올림픽공원, 문정, 잠실나루, 몽촌토성, 장지, 송파, 종합운동장, 송파나루, 방이, 개롱, 거여, 경찰병원, 석촌고분, 오금, 한성백제"
송파구,마천2동,1,"잠실, 잠실새내, 가락시장, 종합운동장, 석촌, 복정, 올림픽공원, 문정, 잠실나루, 몽촌토성, 장지, 송파, 종합운동장, 송파나루, 방이, 개롱, 거여, 경찰병원, 석촌고분, 오금, 한성백제"
송파구,방이1동,2,"잠실, 잠실새내, 가락시장, 종합운동장, 석촌, 복정, 올림픽공원, 문정, 잠실나루, 몽촌토성, 장지, 송파, 종합운동장, 송파나루, 방이, 개롱, 거여, 경찰병원, 석촌고분, 오금, 한성백제"
송파구,방이2동,0,"잠실, 잠실새내, 가락시장, 종합운동장, 석촌, 복정, 올림픽공원, 문정, 잠실나루, 몽촌토성, 장지, 송파, 종합운동장, 송파나루, 방이, 개롱, 거여, 경찰병원, 석촌고분, 오금, 한성백제"
송파구,오륜동,0,"잠실, 잠실새내, 가락시장, 종합운동장, 석촌, 복정, 올림픽공원, 문정, 잠실나루, 몽촌토성, 장지, 송파, 종합운동장, 송파나루, 방이, 개롱, 거여, 경찰병원, 석촌고분, 오금, 한성백제"
송파구,오금동,3,"잠실, 잠실새내, 가락시장, 종합운동장, 석촌, 복정, 올림픽공원, 문정, 잠실나루, 몽촌토성, 장지, 송파, 종합운동장, 송파나루, 방이, 개롱, 거여, 경찰병원, 석촌고분, 오금, 한성백제"
송파구,송파1동,1,"잠실, 잠실새내, 가락시장, 종합운동장, 석촌, 복정, 올림픽공원, 문정, 잠실나루, 몽촌토성, 장지, 송파, 종합운동장, 송파나루, 방이, 개롱, 거여, 경찰병원, 석촌고분, 오금, 한성백제"
송파구,송파2동,2,"잠실, 잠실새내, 가락시장, 종합운동장, 석촌, 복정, 올림픽공원, 문정, 잠실나루, 몽촌토성, 장지, 송파, 종합운동장, 송파나루, 방이, 개롱, 거여, 경찰병원, 석촌고분, 오금, 한성백제"
송파구,석촌동,5,"잠실, 잠실새내, 가락시장, 종합운동장, 석촌, 복정, 올림픽공원, 문정, 잠실나루, 몽촌토성, 장지, 송파, 종합운동장, 송파나루, 방이, 개롱, 거여, 경찰병원, 석촌고분, 오금, 한성백제"
송파구,삼전동,0,"잠실, 잠실새내, 가락시장, 종합운동장, 석촌, 복정, 올림픽공원, 문정, 잠실나루, 몽촌토성, 장지, 송파, 종합운동장, 송파나루, 방이, 개롱, 거여, 경찰병원, 석촌고분, 오금, 한성백제"
송파구,가락본동,10,"잠실, 잠실새내, 가락시장, 종합운동장, 석촌, 복정, 올림픽공원, 문정, 잠실나루, 몽촌토성, 장지, 송파, 종합운동장, 송파나루, 방이, 개롱, 거여, 경찰병원, 석촌고분, 오금, 한성백제"
송파구,가락1동,1,"잠실, 잠실새내, 가락시장, 종합운동장, 석촌, 복정, 올림픽공원, 문정, 잠실나루, 몽촌토성, 장지, 송파, 종합운동장, 송파나루, 방이, 개롱, 거여, 경찰병원, 석촌고분, 오금, 한성백제"
송파구,가락2동,0,"잠실, 잠실새내, 가락시장, 종합운동장, 석촌, 복정, 올림픽공원, 문정, 잠실나루, 몽촌토성, 장지, 송파, 종합운동장, 송파나루, 방이, 개롱, 거여, 경찰병원, 석촌고분, 오금, 한성백제"
송파구,문정1동,0,"잠실, 잠실새내, 가락시장, 종합운동장, 석촌, 복정, 올림픽공원, 문정, 잠실나루, 몽촌토성, 장지, 송파, 종합운동장, 송파나루, 방이, 개롱, 거여, 경찰병원, 석촌고분, 오금, 한성백제"
송파구,문정2동,3,"잠실, 잠실새내, 가락시장, 종합운동장, 석촌, 복정, 올림픽공원, 문정, 잠실나루, 몽촌토성, 장지, 송파, 종합운동장, 송파나루, 방이, 개롱, 거여, 경찰병원, 석촌고분, 오금, 한성백제"
송파구,장지동,3,"잠실, 잠실새내, 가락시장, 종합운동장, 석촌, 복정, 올림픽공원, 문정, 잠실나루, 몽촌토성, 장지, 송파, 종합운동장, 송파나루, 방이, 개롱, 거여, 경찰병원, 석촌고분, 오금, 한성백제"
송파구,위례동,3,"잠실, 잠실새내, 가락시장, 종합운동장, 석촌, 복정, 올림픽공원, 문정, 잠실나루, 몽촌토성, 장지, 송파, 종합운동장, 송파나루, 방이, 개롱, 거여, 경찰병원, 석촌고분, 오금, 한성백제"
송파구,잠실본동,0,"잠실, 잠실새내, 가락시장, 종합운동장, 석촌, 복정, 올림픽공원, 문정, 잠실나루, 몽촌토성, 장지, 송파, 종합운동장, 송파나루, 방이, 개롱, 거여, 경찰병원, 석촌고분, 오금, 한성백제"
송파구,잠실4동,3,"잠실, 잠실새내, 가락시장, 종합운동장, 석촌, 복정, 올림픽공원, 문정, 잠실나루, 몽촌토성, 장지, 송파, 종합운동장, 송파나루, 방이, 개롱, 거여, 경찰병원, 석촌고분, 오금, 한성백제"
송파구,잠실6동,1,"잠실, 잠실새내, 가락시장, 종합운동장, 석촌, 복정, 올림픽공원, 문정, 잠실나루, 몽촌토성, 장지, 송파, 종합운동장, 송파나루, 방이, 개롱, 거여, 경찰병원, 석촌고분, 오금, 한성백제"
송파구,잠실7동,0,"잠실, 잠실새내, 가락시장, 종합운동장, 석촌, 복정, 올림픽공원, 문정, 잠실나루, 몽촌토성, 장지, 송파, 종합운동장, 송파나루, 방이, 개롱, 거여, 경찰병원, 석촌고분, 오금, 한성백제"
송파구,잠실2동,1,"잠실, 잠실새내, 가락시장, 종합운동장, 석촌, 복정, 올림픽공원, 문정, 잠실나루, 몽촌토성, 장지, 송파, 종합운동장, 송파나루, 방이, 개롱, 거여, 경찰병원, 석촌고분, 오금, 한성백제"
송파구,잠실3동,0,"잠실, 잠실새내, 가락시장, 종합운동장, 석촌, 복정, 올림픽공원, 문정, 잠실나루, 몽촌토성, 장지, 송파, 종합운동장, 송파나루, 방이, 개롱, 거여, 경찰병원, 석촌고분, 오금, 한성백제"
강동구,강일동,0,"강동, 둔촌동, 상일동, 천호, 명일, 암사, 굽은다리, 고덕, 길동, 강동구청, 중앙보훈병원, 둔촌오륜, 암사"
강동구,상일동,2,"강동, 둔촌동, 상일동, 천호, 명일, 암사, 굽은다리, 고덕, 길동, 강동구청, 중앙보훈병원, 둔촌오륜, 암사"
강동구,명일1동,0,"강동, 둔촌동, 상일동, 천호, 명일, 암사, 굽은다리, 고덕, 길동, 강동구청, 중앙보훈병원, 둔촌오륜, 암사"
강동구,명일2동,0,"강동, 둔촌동, 상일동, 천호, 명일, 암사, 굽은다리, 고덕, 길동, 강동구청, 중앙보훈병원, 둔촌오륜, 암사"
강동구,고덕1동,0,"강동, 둔촌동, 상일동, 천호, 명일, 암사, 굽은다리, 고덕, 길동, 강동구청, 중앙보훈병원, 둔촌오륜, 암사"
강동구,고덕2동,3,"강동, 둔촌동, 상일동, 천호, 명일, 암사, 굽은다리, 고덕, 길동, 강동구청, 중앙보훈병원, 둔촌오륜, 암사"
강동구,암사2동,0,"강동, 둔촌동, 상일동, 천호, 명일, 암사, 굽은다리, 고덕, 길동, 강동구청, 중앙보훈병원, 둔촌오륜, 암사"
강동구,암사3동,0,"강동, 둔촌동, 상일동, 천호, 명일, 암사, 굽은다리, 고덕, 길동, 강동구청, 중앙보훈병원, 둔촌오륜, 암사"
강동구,천호1동,2,"강동, 둔촌동, 상일동, 천호, 명일, 암사, 굽은다리, 고덕, 길동, 강동구청, 중앙보훈병원, 둔촌오륜, 암사"
강동구,천호3동,0,"강동, 둔촌동, 상일동, 천호, 명일, 암사, 굽은다리, 고덕, 길동, 강동구청, 중앙보훈병원, 둔촌오륜, 암사"
강동구,성내1동,2,"강동, 둔촌동, 상일동, 천호, 명일, 암사, 굽은다리, 고덕, 길동, 강동구청, 중앙보훈병원, 둔촌오륜, 암사"
강동구,성내2동,4,"강동, 둔촌동, 상일동, 천호, 명일, 암사, 굽은다리, 고덕, 길동, 강동구청, 중앙보훈병원, 둔촌오륜, 암사"
강동구,성내3동,2,"강동, 둔촌동, 상일동, 천호, 명일, 암사, 굽은다리, 고덕, 길동, 강동구청, 중앙보훈병원, 둔촌오륜, 암사"
강동구,둔촌1동,2,"강동, 둔촌동, 상일동, 천호, 명일, 암사, 굽은다리, 고덕, 길동, 강동구청, 중앙보훈병원, 둔촌오륜, 암사"
강동구,둔촌2동,0,"강동, 둔촌동, 상일동, 천호, 명일, 암사, 굽은다리, 고덕, 길동, 강동구청, 중앙보훈병원, 둔촌오륜, 암사"
강동구,암사1동,0,"강동, 둔촌동, 상일동, 천호, 명일, 암사, 굽은다리, 고덕, 길동, 강동구청, 중앙보훈병원, 둔촌오륜, 암사"
강동구,천호2동,2,"강동, 둔촌동, 상일동, 천호, 명일, 암사, 굽은다리, 고덕, 길동, 강동구청, 중앙보훈병원, 둔촌오륜, 암사"
강동구,길동,3,"강동, 둔촌동, 상일동, 천호, 명일, 암사, 굽은다리, 고덕, 길동, 강동구청, 중앙보훈병원, 둔촌오륜, 암사"
